market_id,prefix
AL_BIR,350
AL_BIR,351
AL_BIR,352
AL_BIR,354
AL_BIR,362
AL_BIR,355
AL_BIR,356
AL_BIR,357
AL_BIR,358
AL_BIR,359
AL_BIR,360
AL_BIR,361
AL_BIR,363
AL_BIR,364
AL_BIR,365
AL_BIR,366
AL_BIR,367
AL_BIR,368
AL_BIR,369
AL_DEC,355
AL_DEC,356
AL_DEC,357
AL_DEC,358
AL_DEC,384
AL_DEC,388
AL_DEC,350
AL_DEC,351
AL_DEC,352
AL_DEC,354
AL_DEC,359
AL_DEC,362
AL_MOB,325
AL_MOB,364
AL_MOB,365
AL_MOB,366
AL_MOB,394
AL_MOB,395
AL_MOB,324
AL_MOB,363
AL_MOB,367
AL_MOB,393
AL_MON,318
AL_MON,319
AL_MON,360
AL_MON,361
AL_MON,363
AL_MON,367
AL_MON,368
AL_MON,369
AL_MON,351
AL_MON,352
AL_MON,362
AL_MON,364
AL_MON,365
AL_MON,366
AL_MON,398
AR_FAY,726
AR_FAY,727
AR_FAY,729
AR_FAY,749
AR_FAY,648
AR_FAY,656
AR_FAY,657
AR_FAY,658
AR_FAY,728
AR_FAY,743
AR_FAY,744
AR_LIT,716
AR_LIT,717
AR_LIT,719
AR_LIT,720
AR_LIT,721
AR_LIT,722
AR_LIT,725
AR_LIT,728
AR_LIT,718
AR_LIT,723
AR_LIT,724
AR_LIT,726
AR_LIT,727
AR_LIT,729
AZ_FLA,855
AZ_FLA,859
AZ_FLA,860
AZ_FLA,863
AZ_FLA,864
AZ_FLA,865
AZ_FLA,850
AZ_FLA,851
AZ_FLA,852
AZ_FLA,873
AZ_PHO,850
AZ_PHO,851
AZ_PHO,852
AZ_PHO,853
AZ_PHO,855
AZ_PHO,856
AZ_PHO,857
AZ_PHO,859
AZ_PHO,860
AZ_PHO,863
AZ_PHO,864
AZ_PHO,865
AZ_TUC,856
AZ_TUC,857
AZ_TUC,850
AZ_TUC,851
AZ_TUC,852
AZ_TUC,853
AZ_TUC,855
AZ_TUC,880
CA_FRS,931
CA_FRS,932
CA_FRS,933
CA_FRS,934
CA_FRS,935
CA_FRS,936
CA_FRS,937
CA_FRS,938
CA_FRS,939
CA_FRS,940
CA_FRS,941
CA_FRS,942
CA_FRS,943
CA_FRS,944
CA_FRS,945
CA_FRS,946
CA_FRS,947
CA_FRS,948
CA_FRS,949
CA_FRS,950
CA_FRS,951
CA_FRS,952
CA_FRS,953
CA_FRS,956
CA_LAX,900
CA_LAX,901
CA_LAX,902
CA_LAX,903
CA_LAX,904
CA_LAX,905
CA_LAX,906
CA_LAX,907
CA_LAX,908
CA_LAX,910
CA_LAX,911
CA_LAX,912
CA_LAX,913
CA_LAX,914
CA_LAX,915
CA_LAX,916
CA_LAX,918
CA_LAX,926
CA_LAX,927
CA_LAX,928
CA_LAX,930
CA_LAX,917
CA_LAX,919
CA_LAX,920
CA_LAX,921
CA_LAX,922
CA_LAX,923
CA_LAX,924
CA_LAX,925
CA_LAX,931
CA_ONT,917
CA_ONT,922
CA_ONT,923
CA_ONT,924
CA_ONT,925
CA_ONT,928
CA_ONT,900
CA_ONT,901
CA_ONT,902
CA_ONT,903
CA_ONT,904
CA_ONT,905
CA_ONT,906
CA_ONT,907
CA_ONT,908
CA_ONT,910
CA_ONT,911
CA_ONT,912
CA_ONT,913
CA_ONT,914
CA_ONT,915
CA_ONT,916
CA_ONT,918
CA_ONT,919
CA_ONT,920
CA_ONT,921
CA_ONT,926
CA_ONT,927
CA_ONT,930
CA_SDI,919
CA_SDI,920
CA_SDI,921
CA_SDI,900
CA_SDI,901
CA_SDI,902
CA_SDI,903
CA_SDI,904
CA_SDI,905
CA_SDI,906
CA_SDI,907
CA_SDI,908
CA_SDI,910
CA_SDI,911
CA_SDI,912
CA_SDI,913
CA_SDI,914
CA_SDI,915
CA_SDI,916
CA_SDI,917
CA_SDI,918
CA_SDI,922
CA_SDI,924
CA_SDI,925
CA_SDI,926
CA_SDI,927
CA_SDI,928
CA_SDI,930
CA_SFR,939
CA_SFR,940
CA_SFR,941
CA_SFR,945
CA_SFR,946
CA_SFR,947
CA_SFR,948
CA_SFR,949
CA_SFR,950
CA_SFR,951
CA_SFR,954
CA_SFR,942
CA_SFR,943
CA_SFR,944
CA_SFR,952
CA_SFR,953
CA_SFR,955
CA_SFR,956
CA_SFR,957
CA_SFR,958
CA_SFR,959
CA_SFR,960
CA_STK,942
CA_STK,943
CA_STK,944
CA_STK,952
CA_STK,953
CA_STK,956
CA_STK,957
CA_STK,958
CA_STK,959
CA_STK,940
CA_STK,941
CA_STK,945
CA_STK,946
CA_STK,947
CA_STK,948
CA_STK,949
CA_STK,950
CA_STK,951
CA_STK,954
CA_STK,955
CA_STK,960
CO_DEN,800
CO_DEN,801
CO_DEN,802
CO_DEN,803
CO_DEN,804
CO_DEN,805
CO_DEN,806
CO_DEN,808
CO_DEN,809
CO_DEN,810
CO_DEN,820
CO_DEN,807
CO_DEN,812
CO_DEN,814
CO_DEN,815
CO_DEN,816
CO_GRA,812
CO_GRA,813
CO_GRA,814
CO_GRA,815
CO_GRA,816
CO_GRA,845
CO_GRA,811
CO_GRA,804
CO_GRA,840
CO_GRA,847
CT_HAR,060
CT_HAR,061
CT_HAR,062
CT_HAR,063
CT_HAR,064
CT_HAR,065
CT_HAR,066
CT_HAR,067
CT_HAR,068
CT_HAR,069
CT_HAR,105
CT_HAR,106
CT_HAR,107
CT_HAR,108
CT_HAR,109
CT_HAR,010
CT_HAR,011
CT_HAR,012
CT_HAR,013
CT_HAR,014
CT_HAR,015
CT_HAR,016
CT_HAR,028
CT_HAR,029
CT_HAR,125
VA_ALE,200
VA_ALE,201
VA_ALE,202
VA_ALE,203
VA_ALE,204
VA_ALE,205
VA_ALE,206
VA_ALE,220
VA_ALE,221
VA_ALE,222
VA_ALE,223
VA_ALE,227
VA_ALE,569
VA_ALE,207
VA_ALE,208
VA_ALE,209
VA_ALE,212
VA_ALE,214
VA_ALE,217
VA_ALE,224
NC_GRE,270
NC_GRE,271
NC_GRE,272
NC_GRE,273
NC_GRE,274
NC_GRE,275
NC_GRE,276
NC_GRE,277
NC_GRE,286
FL_JAX,320
FL_JAX,321
FL_JAX,322
FL_JAX,326
FL_JAX,323
FL_JAX,324
FL_JAX,325
FL_JAX,315
FL_JAX,316
FL_JAX,317
FL_LAK,327
FL_LAK,328
FL_LAK,329
FL_LAK,335
FL_LAK,336
FL_LAK,337
FL_LAK,338
FL_LAK,342
FL_LAK,344
FL_LAK,346
FL_LAK,347
FL_LAK,332
FL_LAK,333
FL_LAK,334
FL_LAK,339
FL_LAK,341
FL_LAK,349
FL_MIA,330
FL_MIA,331
FL_MIA,332
FL_MIA,333
FL_MIA,334
FL_MIA,339
FL_MIA,341
FL_MIA,349
FL_MIA,328
FL_MIA,329
FL_MIA,335
FL_MIA,336
FL_MIA,337
FL_MIA,338
FL_MIA,342
FL_MIA,347
FL_TAL,323
FL_TAL,324
FL_TAL,315
FL_TAL,316
FL_TAL,317
FL_TAL,320
FL_TAL,321
FL_TAL,322
FL_TAL,325
FL_TAL,326
FL_TAL,398
GA_ATL,300
GA_ATL,301
GA_ATL,302
GA_ATL,303
GA_ATL,305
GA_ATL,306
GA_ATL,311
GA_ATL,399
GA_ATL,304
GA_ATL,307
GA_ATL,308
GA_ATL,309
GA_ATL,310
GA_ATL,312
GA_MAC,310
GA_MAC,312
GA_MAC,300
GA_MAC,302
GA_MAC,304
GA_MAC,306
GA_MAC,308
GA_MAC,309
GA_MAC,318
GA_MAC,319
GA_SAV,299
GA_SAV,304
GA_SAV,313
GA_SAV,314
GA_SAV,315
GA_SAV,294
GA_SAV,310
GA_SAV,312
GA_SAV,316
GA_SAV,317
GA_TIF,316
GA_TIF,317
GA_TIF,398
GA_TIF,310
GA_TIF,312
GA_TIF,313
GA_TIF,315
GA_TIF,318
GA_TIF,319
GA_TIF,320
GA_TIF,323
IA_CED,522
IA_CED,523
IA_CED,524
IA_CED,506
IA_CED,507
IA_CED,520
IA_CED,521
IA_CED,525
IA_CED,526
IA_CED,527
IA_CED,528
IA_DES,500
IA_DES,501
IA_DES,502
IA_DES,503
IA_DES,504
IA_DES,505
IA_DES,508
IA_DES,509
IA_DES,514
IA_DES,506
IA_DES,507
IA_DES,510
IA_DES,511
IA_DES,512
IA_DES,513
IA_DES,515
IA_DES,516
IA_DES,520
IA_DES,521
IA_DES,522
IA_DES,523
IA_DES,524
IA_DES,525
IA_DES,526
IA_DES,527
IA_DES,528
IA_DUB,506
IA_DUB,507
IA_DUB,520
IA_DUB,521
IA_DUB,538
IA_DUB,522
IA_DUB,523
IA_DUB,524
IA_DUB,526
IA_DUB,527
IA_DUB,528
IA_DUB,610
ID_TWI,832
ID_TWI,833
ID_TWI,834
ID_TWI,836
ID_TWI,837
ID_TWI,979
ID_TWI,835
ID_TWI,838
ID_TWI,843
IL_BLO,609
IL_BLO,615
IL_BLO,616
IL_BLO,617
IL_BLO,618
IL_BLO,604
IL_BLO,612
IL_BLO,613
IL_BLO,614
IL_BLO,619
IL_BLO,624
IL_BLO,625
IL_BLO,626
IL_BLO,627
IL_CHI,600
IL_CHI,601
IL_CHI,602
IL_CHI,603
IL_CHI,606
IL_CHI,607
IL_CHI,608
IL_CHI,463
IL_CHI,464
IL_CHI,604
IL_CHI,605
IL_CHI,609
IL_CHI,610
IL_CHI,611
IL_CHI,613
IL_JOL,604
IL_JOL,605
IL_JOL,601
IL_JOL,603
IL_JOL,606
IL_JOL,607
IL_JOL,608
IL_JOL,609
IL_JOL,613
IL_QUI,623
IL_QUI,634
IL_QUI,635
IL_QUI,526
IL_QUI,614
IL_QUI,626
IL_QUI,652
IL_RFD,610
IL_RFD,611
IL_RFD,531
IL_RFD,535
IL_RFD,600
IL_RFD,601
IL_RFD,602
IL_RFD,603
IL_RFD,605
IL_RFD,612
IL_RFD,613
IL_ROC,525
IL_ROC,526
IL_ROC,527
IL_ROC,528
IL_ROC,612
IL_ROC,613
IL_ROC,614
IL_ROC,522
IL_ROC,523
IL_ROC,524
IL_ROC,610
IL_ROC,615
IL_ROC,616
IL_ROC,623
IL_ROC,626
IL_ROC,627
IL_TAY,625
IL_TAY,626
IL_TAY,627
IL_TAY,614
IL_TAY,615
IL_TAY,616
IL_TAY,617
IL_TAY,618
IL_TAY,619
IL_TAY,620
IL_TAY,622
IL_TAY,623
IL_TAY,624
IN_EVA,423
IN_EVA,424
IN_EVA,475
IN_EVA,476
IN_EVA,477
IN_EVA,628
IN_EVA,422
IN_EVA,471
IN_EVA,472
IN_EVA,474
IN_EVA,478
IN_EVA,624
IN_EVA,629
IN_FTW,467
IN_FTW,468
IN_FTW,469
IN_FTW,435
IN_FTW,458
IN_FTW,465
IN_FTW,466
IN_FTW,473
IN_GRY,463
IN_GRY,464
IN_GRY,465
IN_GRY,466
IN_GRY,479
IN_GRY,490
IN_GRY,491
IN_GRY,604
IN_GRY,606
IN_GRY,607
IN_GRY,608
IN_GRY,609
IN_IND,460
IN_IND,461
IN_IND,462
IN_IND,472
IN_IND,473
IN_IND,474
IN_IND,479
IN_IND,463
IN_IND,464
IN_IND,465
IN_IND,466
IN_IND,467
IN_IND,468
IN_IND,469
IN_IND,470
IN_IND,471
IN_IND,475
IN_IND,476
IN_IND,477
IN_IND,478
IN_SBD,465
IN_SBD,466
IN_SBD,491
IN_SBD,435
IN_SBD,463
IN_SBD,464
IN_SBD,467
IN_SBD,468
IN_SBD,469
IN_SBD,479
IN_SBD,490
IN_SBD,492
IN_SBD,494
IN_TER,478
IN_TER,619
IN_TER,624
IN_TER,474
IN_TER,475
IN_TER,476
IN_TER,477
IN_TER,479
IN_TER,609
IN_TER,617
IN_TER,618
KS_HUT,668
KS_HUT,669
KS_HUT,670
KS_HUT,671
KS_HUT,672
KS_HUT,673
KS_HUT,674
KS_HUT,675
KS_HUT,676
KS_HUT,677
KS_HUT,678
KS_HUT,679
KS_HUT,664
KS_HUT,665
KS_HUT,666
KS_HUT,667
KY_BOW,421
KY_BOW,422
KY_BOW,427
KY_BOW,370
KY_BOW,371
KY_BOW,372
KY_BOW,382
KY_BOW,385
KY_BOW,420
KY_BOW,423
KY_BOW,424
KY_BOW,425
KY_BOW,426
KY_LEX,403
KY_LEX,404
KY_LEX,405
KY_LEX,406
KY_LEX,410
KY_LEX,413
KY_LEX,414
KY_LEX,417
KY_LEX,418
KY_LEX,419
KY_LEX,400
KY_LEX,401
KY_LEX,402
KY_LEX,407
KY_LEX,408
KY_LEX,409
KY_LEX,411
KY_LEX,412
KY_LEX,415
KY_LEX,416
KY_LEX,425
KY_LEX,426
KY_LOU,400
KY_LOU,401
KY_LOU,402
KY_LOU,471
KY_LOU,403
KY_LOU,404
KY_LOU,405
KY_LOU,406
KY_LOU,427
KY_LOU,470
KY_LOU,472
KY_LOU,474
KY_LOU,475
LA_NEW,700
LA_NEW,701
LA_NEW,703
LA_NEW,704
LA_NEW,705
LA_NEW,706
LA_NEW,707
LA_NEW,708
LA_NEW,365
LA_NEW,366
LA_NEW,394
LA_NEW,395
LA_NEW,396
LA_NEW,713
LA_SHR,710
LA_SHR,711
LA_SHR,712
LA_SHR,713
LA_SHR,714
LA_SHR,756
LA_SHR,759
LA_SHR,716
LA_SHR,717
LA_SHR,718
LA_SHR,755
LA_SHR,757
MA_BOS,014
MA_BOS,015
MA_BOS,016
MA_BOS,017
MA_BOS,018
MA_BOS,019
MA_BOS,020
MA_BOS,021
MA_BOS,022
MA_BOS,023
MA_BOS,024
MA_BOS,025
MA_BOS,026
MA_BOS,027
MA_BOS,028
MA_BOS,029
MA_BOS,055
MA_BOS,010
MA_BOS,011
MA_BOS,012
MA_BOS,013
MA_BOS,030
MA_BOS,031
MA_BOS,032
MA_BOS,033
MA_BOS,034
MA_BOS,035
MA_BOS,036
MA_BOS,037
MA_BOS,038
MA_SPR,010
MA_SPR,011
MA_SPR,012
MA_SPR,013
MA_SPR,014
MA_SPR,015
MA_SPR,016
MA_SPR,017
MA_SPR,018
MA_SPR,019
MA_SPR,020
MA_SPR,021
MA_SPR,022
MA_SPR,023
MA_SPR,024
MA_SPR,027
MA_SPR,028
MA_SPR,029
MA_SPR,060
MA_SPR,061
MA_SPR,062
MA_SPR,063
MA_SPR,064
MA_SPR,065
MA_SPR,066
MA_SPR,067
MA_SPR,068
MA_SPR,069
MD_BAL,197
MD_BAL,198
MD_BAL,199
MD_BAL,207
MD_BAL,208
MD_BAL,209
MD_BAL,210
MD_BAL,211
MD_BAL,212
MD_BAL,214
MD_BAL,216
MD_BAL,218
MD_BAL,219
MD_BAL,200
MD_BAL,201
MD_BAL,202
MD_BAL,203
MD_BAL,204
MD_BAL,205
MD_BAL,206
MD_BAL,217
MD_BAL,227
ME_AUG,038
ME_AUG,039
ME_AUG,040
ME_AUG,041
ME_AUG,042
ME_AUG,043
ME_AUG,044
ME_AUG,045
ME_AUG,046
ME_AUG,047
ME_AUG,048
ME_AUG,049
ME_AUG,030
ME_AUG,031
ME_AUG,032
ME_AUG,033
ME_AUG,034
ME_AUG,035
ME_AUG,036
ME_AUG,037
ME_AUG,050
ME_AUG,051
ME_AUG,055
ME_AUG,056
ME_AUG,057
ME_AUG,058
ME_AUG,059
MI_DET,480
MI_DET,481
MI_DET,482
MI_DET,483
MI_DET,484
MI_DET,485
MI_DET,492
MI_DET,434
MI_DET,435
MI_DET,436
MI_DET,486
MI_DET,487
MI_DET,488
MI_DET,489
MI_RAP,488
MI_RAP,489
MI_RAP,490
MI_RAP,493
MI_RAP,494
MI_RAP,495
MI_RAP,496
MI_RAP,465
MI_RAP,466
MI_RAP,491
MI_RAP,492
MI_SAG,486
MI_SAG,487
MI_SAG,497
MI_SAG,483
MI_SAG,484
MI_SAG,485
MI_SAG,488
MI_SAG,489
MI_SAG,496
MN_DUL,498
MN_DUL,499
MN_DUL,545
MN_DUL,548
MN_DUL,556
MN_DUL,557
MN_DUL,558
MN_DUL,540
MN_DUL,547
MN_DUL,564
MN_DUL,566
MN_MIN,550
MN_MIN,551
MN_MIN,553
MN_MIN,554
MN_MIN,555
MN_MIN,560
MN_MIN,540
MN_MIN,546
MN_MIN,547
MN_MIN,559
MN_STC,563
MN_STC,564
MN_STC,553
MN_STC,554
MN_STC,560
MN_STC,561
MN_STC,562
MN_STC,565
MO_GIR,420
MO_GIR,629
MO_GIR,636
MO_GIR,637
MO_GIR,638
MO_GIR,639
MO_GIR,423
MO_GIR,622
MO_GIR,628
MO_GIR,380
MO_GIR,382
MO_JEF,650
MO_JEF,651
MO_JEF,652
MO_JEF,653
MO_JEF,630
MO_JEF,631
MO_JEF,633
MO_JEF,634
MO_JEF,635
MO_JEF,636
MO_JEF,637
MO_JEF,638
MO_JEF,639
MO_JEF,640
MO_JEF,641
MO_JEF,644
MO_JEF,645
MO_JEF,646
MO_JEF,647
MO_JEF,648
MO_JEF,649
MO_JEF,654
MO_JEF,655
MO_JEF,656
MO_JEF,657
MO_JEF,658
MO_JOP,647
MO_JOP,648
MO_JOP,654
MO_JOP,655
MO_JOP,656
MO_JOP,657
MO_JOP,658
MO_JOP,667
MO_JOP,650
MO_JOP,651
MO_JOP,652
MO_JOP,653
MO_JOP,673
MO_JOP,726
MO_JOP,727
MO_JOP,743
MO_KAN,640
MO_KAN,641
MO_KAN,644
MO_KAN,645
MO_KAN,646
MO_KAN,649
MO_KAN,660
MO_KAN,661
MO_KAN,662
MO_KAN,664
MO_KAN,665
MO_KAN,666
MO_KAN,647
MO_KAN,648
MO_KAN,650
MO_KAN,651
MO_KAN,652
MO_KAN,653
MO_STL,620
MO_STL,622
MO_STL,630
MO_STL,631
MO_STL,633
MO_STL,623
MO_STL,626
MO_STL,634
MO_STL,636
MO_STL,650
MO_STL,651
MO_STL,652
MS_JAC,387
MS_JAC,389
MS_JAC,390
MS_JAC,391
MS_JAC,392
MS_JAC,393
MS_JAC,396
MS_JAC,397
MS_JAC,386
MS_JAC,388
MS_JAC,394
MS_JAC,395
MT_BIL,590
MT_BIL,591
MT_BIL,592
MT_BIL,593
MT_BIL,821
MT_BIL,824
MT_BIL,828
MT_BIL,830
MT_BIL,575
MT_BIL,576
MT_BIL,577
MT_BIL,594
MT_BIL,595
MT_BIL,596
MT_BIL,597
MT_BIL,598
MT_BIL,827
MT_MIS,594
MT_MIS,595
MT_MIS,596
MT_MIS,597
MT_MIS,598
MT_MIS,599
MT_MIS,590
MT_MIS,591
MT_MIS,593
MT_MIS,835
MT_MIS,838
NC_CHA,280
NC_CHA,281
NC_CHA,282
NC_CHA,283
NC_CHA,286
NC_CHA,297
NC_CHA,287
NC_CHA,288
NC_CHA,270
NC_CHA,271
NC_CHA,272
NC_CHA,293
NC_RAL,275
NC_RAL,276
NC_RAL,277
NC_RAL,278
NC_RAL,270
NC_RAL,271
NC_RAL,272
NC_RAL,273
NC_RAL,279
NC_RAL,283
NC_RAL,284
NC_RAL,285
NC_WIL,284
NC_WIL,285
NC_WIL,278
NC_WIL,279
NC_WIL,283
NC_WIL,294
NC_WIL,295
ND_FAR,565
ND_FAR,566
ND_FAR,567
ND_FAR,580
ND_FAR,581
ND_FAR,582
ND_FAR,562
ND_FAR,563
ND_FAR,564
ND_FAR,572
ND_FAR,574
ND_FAR,583
ND_FAR,584
ND_BIS,583
ND_BIS,584
ND_BIS,585
ND_BIS,586
ND_BIS,587
ND_BIS,588
ND_BIS,565
ND_BIS,574
ND_BIS,576
ND_BIS,580
ND_BIS,581
ND_BIS,582
ND_BIS,592
ND_BIS,593
NE_NPL,690
NE_NPL,691
NE_NPL,692
NE_NPL,693
NE_NPL,807
NE_NPL,822
NE_NPL,676
NE_NPL,677
NE_NPL,686
NE_NPL,687
NE_NPL,688
NE_NPL,689
NE_NPL,820
NE_OMA,515
NE_OMA,516
NE_OMA,680
NE_OMA,681
NE_OMA,683
NE_OMA,684
NE_OMA,685
NE_OMA,686
NE_OMA,687
NE_OMA,688
NE_OMA,689
NE_OMA,510
NE_OMA,511
NE_OMA,514
NE_OMA,644
NE_OMA,645
NH_BRI,030
NH_BRI,031
NH_BRI,032
NH_BRI,033
NH_BRI,034
NH_BRI,035
NH_BRI,036
NH_BRI,037
NH_BRI,050
NH_BRI,051
NH_BRI,056
NH_BRI,057
NH_BRI,058
NH_BRI,059
NH_BRI,038
NH_BRI,039
NH_BRI,040
NH_BRI,041
NH_BRI,042
NH_BRI,052
NH_BRI,053
NH_BRI,054
NJ_ELI,070
NJ_ELI,071
NJ_ELI,072
NJ_ELI,073
NJ_ELI,074
NJ_ELI,075
NJ_ELI,076
NJ_ELI,077
NJ_ELI,078
NJ_ELI,079
NJ_ELI,085
NJ_ELI,086
NJ_ELI,087
NJ_ELI,088
NJ_ELI,089
NJ_ELI,080
NJ_ELI,081
NJ_ELI,082
NJ_ELI,083
NJ_ELI,084
NJ_ELI,180
NJ_ELI,181
NJ_ELI,189
NM_ALB,811
NM_ALB,870
NM_ALB,871
NM_ALB,872
NM_ALB,873
NM_ALB,874
NM_ALB,875
NM_ALB,877
NM_ALB,878
NM_ALB,879
NM_ALB,883
NM_ALB,884
NM_ALB,810
NM_ALB,812
NM_ALB,813
NM_ALB,859
NM_ALB,860
NM_ALB,865
NV_VEG,889
NV_VEG,890
NV_VEG,891
NV_VEG,893
NV_VEG,847
NV_VEG,860
NV_VEG,863
NV_VEG,864
NV_REN,894
NV_REN,895
NV_REN,897
NV_REN,898
NV_REN,961
NV_REN,956
NV_REN,957
NV_REN,958
NV_REN,959
NY_ALB,052
NY_ALB,053
NY_ALB,054
NY_ALB,120
NY_ALB,121
NY_ALB,122
NY_ALB,123
NY_ALB,124
NY_ALB,125
NY_ALB,126
NY_ALB,127
NY_ALB,128
NY_ALB,129
NY_ALB,130
NY_ALB,131
NY_ALB,132
NY_ALB,133
NY_ALB,134
NY_ALB,135
NY_ALB,136
NY_ALB,137
NY_ALB,138
NY_ALB,139
NY_BRN,005
NY_BRN,100
NY_BRN,101
NY_BRN,102
NY_BRN,103
NY_BRN,104
NY_BRN,110
NY_BRN,111
NY_BRN,112
NY_BRN,113
NY_BRN,114
NY_BRN,115
NY_BRN,116
NY_BRN,117
NY_BRN,118
NY_BRN,119
NY_BRN,068
NY_BRN,069
NY_BRN,105
NY_BRN,106
NY_BRN,107
NY_BRN,108
NY_BRN,109
NY_BUF,140
NY_BUF,141
NY_BUF,142
NY_BUF,143
NY_BUF,147
NY_BUF,130
NY_BUF,131
NY_BUF,132
NY_BUF,133
NY_BUF,134
NY_BUF,135
NY_BUF,136
NY_BUF,144
NY_BUF,145
NY_BUF,146
NY_BUF,148
NY_BUF,149
NY_ELM,137
NY_ELM,138
NY_ELM,139
NY_ELM,148
NY_ELM,149
NY_ELM,169
NY_ELM,188
NY_ELM,130
NY_ELM,131
NY_ELM,132
NY_ELM,133
NY_ELM,134
NY_ELM,135
NY_ELM,144
NY_ELM,145
NY_ELM,146
NY_ELM,147
NY_ROC,144
NY_ROC,145
NY_ROC,146
NY_ROC,130
NY_ROC,131
NY_ROC,132
NY_ROC,133
NY_ROC,134
NY_ROC,135
NY_ROC,140
NY_ROC,141
NY_ROC,142
NY_ROC,143
NY_ROC,147
NY_ROC,148
NY_ROC,149
NY_SYR,130
NY_SYR,131
NY_SYR,132
NY_SYR,133
NY_SYR,134
NY_SYR,135
NY_SYR,136
NY_SYR,120
NY_SYR,121
NY_SYR,122
NY_SYR,123
NY_SYR,137
NY_SYR,138
NY_SYR,139
NY_SYR,144
NY_SYR,145
NY_SYR,146
OH_CIN,450
OH_CIN,451
OH_CIN,452
OH_CIN,459
OH_CIN,470
OH_CIN,410
OH_CIN,431
OH_CIN,453
OH_CIN,454
OH_CIN,455
OH_CIN,456
OH_CIN,471
OH_CIN,473
OH_CLE,440
OH_CLE,441
OH_CLE,442
OH_CLE,443
OH_CLE,444
OH_CLE,445
OH_CLE,446
OH_CLE,447
OH_CLE,448
OH_CLE,449
OH_CLE,433
OH_CLE,434
OH_CLE,436
OH_CLE,437
OH_CLE,438
OH_CLE,439
OH_COL,430
OH_COL,431
OH_COL,432
OH_COL,433
OH_COL,437
OH_COL,438
OH_COL,453
OH_COL,454
OH_COL,455
OH_COL,434
OH_COL,435
OH_COL,436
OH_COL,439
OH_COL,440
OH_COL,441
OH_COL,442
OH_COL,443
OH_COL,444
OH_COL,445
OH_COL,446
OH_COL,447
OH_COL,448
OH_COL,449
OH_COL,450
OH_COL,451
OH_COL,452
OH_COL,456
OH_COL,457
OH_COL,458
OH_COL,459
OH_TOL,434
OH_TOL,435
OH_TOL,436
OH_TOL,458
OH_TOL,433
OH_TOL,448
OH_TOL,449
OH_TOL,480
OH_TOL,481
OH_TOL,482
OH_TOL,483
OH_TOL,492
OK_OKC,730
OK_OKC,731
OK_OKC,734
OK_OKC,735
OK_OKC,736
OK_OKC,737
OK_OKC,738
OK_OKC,745
OK_OKC,747
OK_OKC,748
OK_OKC,740
OK_OKC,741
OK_OKC,743
OK_OKC,744
OK_OKC,746
OK_OKC,749
OK_TUL,740
OK_TUL,741
OK_TUL,743
OK_TUL,744
OK_TUL,746
OK_TUL,648
OK_TUL,667
OK_TUL,673
OK_TUL,727
OK_TUL,729
OK_TUL,748
OK_TUL,749
OR_MED,955
OR_MED,960
OR_MED,974
OR_MED,975
OR_MED,976
OR_MED,977
OR_MED,959
OR_MED,961
OR_MED,973
OR_PEN,978
OR_PEN,989
OR_PEN,993
OR_PEN,835
OR_PEN,836
OR_PEN,837
OR_PEN,977
OR_PEN,979
OR_PEN,994
OR_POR,970
OR_POR,971
OR_POR,972
OR_POR,973
OR_POR,986
OR_POR,974
OR_POR,985
PA_ALL,180
PA_ALL,181
PA_ALL,182
PA_ALL,183
PA_ALL,184
PA_ALL,185
PA_ALL,186
PA_ALL,187
PA_ALL,189
PA_ALL,078
PA_ALL,085
PA_ALL,088
PA_ALL,178
PA_ALL,179
PA_ALL,188
PA_ALL,193
PA_ALL,194
PA_ALL,195
PA_ALL,196
PA_ERI,163
PA_ERI,164
PA_ERI,165
PA_ERI,167
PA_ERI,147
PA_ERI,160
PA_ERI,161
PA_ERI,162
PA_ERI,444
PA_ERI,445
PA_HAR,166
PA_HAR,168
PA_HAR,170
PA_HAR,171
PA_HAR,172
PA_HAR,173
PA_HAR,174
PA_HAR,175
PA_HAR,176
PA_HAR,177
PA_HAR,178
PA_HAR,179
PA_HAR,180
PA_HAR,181
PA_HAR,182
PA_HAR,185
PA_HAR,186
PA_HAR,187
PA_HAR,192
PA_HAR,193
PA_HAR,194
PA_HAR,195
PA_HAR,196
PA_PHI,080
PA_PHI,081
PA_PHI,082
PA_PHI,083
PA_PHI,084
PA_PHI,190
PA_PHI,191
PA_PHI,192
PA_PHI,193
PA_PHI,194
PA_PHI,195
PA_PHI,196
PA_PHI,085
PA_PHI,086
PA_PHI,173
PA_PHI,174
PA_PHI,175
PA_PHI,176
PA_PHI,179
PA_PHI,180
PA_PHI,181
PA_PHI,189
PA_PHI,197
PA_PHI,198
PA_PHI,219
PA_PIT,150
PA_PIT,151
PA_PIT,152
PA_PIT,153
PA_PIT,154
PA_PIT,155
PA_PIT,156
PA_PIT,157
PA_PIT,158
PA_PIT,159
PA_PIT,160
PA_PIT,161
PA_PIT,162
PA_PIT,260
PA_PIT,265
PA_PIT,439
PA_PIT,163
PA_PIT,164
PA_PIT,165
PA_PIT,444
PA_PIT,445
SC_CHA,294
SC_CHA,284
SC_CHA,295
SC_CHA,298
SC_CHA,299
SC_CHA,314
SC_COL,290
SC_COL,291
SC_COL,292
SC_COL,295
SC_COL,293
SC_COL,294
SC_COL,296
SC_COL,297
SC_COL,298
SC_COL,299
SC_GRE,287
SC_GRE,288
SC_GRE,293
SC_GRE,296
SC_GRE,298
SC_GRE,308
SC_GRE,309
SC_GRE,280
SC_GRE,281
SC_GRE,282
SC_GRE,297
SC_GRE,305
SC_GRE,306
SD_RAP,575
SD_RAP,576
SD_RAP,577
SD_RAP,826
SD_RAP,827
SD_RAP,573
SD_RAP,574
SD_RAP,593
SD_RAP,692
SD_RAP,693
SD_RAP,822
SD_SXF,510
SD_SXF,511
SD_SXF,512
SD_SXF,513
SD_SXF,561
SD_SXF,562
SD_SXF,570
SD_SXF,571
SD_SXF,572
SD_SXF,573
SD_SXF,574
SD_SXF,505
SD_SXF,575
SD_SXF,680
SD_SXF,687
TN_CHA,289
TN_CHA,307
TN_CHA,359
TN_CHA,373
TN_CHA,374
TN_CHA,301
TN_CHA,305
TN_CHA,357
TN_CHA,358
TN_CHA,384
TN_CHA,385
TN_KNO,242
TN_KNO,376
TN_KNO,377
TN_KNO,378
TN_KNO,379
TN_KNO,407
TN_KNO,408
TN_KNO,409
TN_KNO,425
TN_KNO,426
TN_KNO,287
TN_KNO,288
TN_KNO,289
TN_KNO,373
TN_KNO,374
TN_KNO,385
TN_MEM,375
TN_MEM,380
TN_MEM,381
TN_MEM,382
TN_MEM,383
TN_MEM,386
TN_MEM,723
TN_MEM,724
TN_MEM,387
TN_MEM,388
TN_MEM,420
TN_MEM,638
TN_MEM,639
TN_NAS,370
TN_NAS,371
TN_NAS,372
TN_NAS,385
TN_NAS,356
TN_NAS,382
TN_NAS,384
TN_NAS,420
TN_NAS,421
TN_NAS,422
TX_AMA,739
TX_AMA,790
TX_AMA,791
TX_AMA,792
TX_AMA,793
TX_AMA,794
TX_AMA,884
TX_AUS,733
TX_AUS,765
TX_AUS,768
TX_AUS,786
TX_AUS,787
TX_AUS,789
TX_AUS,766
TX_AUS,767
TX_AUS,770
TX_AUS,772
TX_AUS,773
TX_AUS,774
TX_AUS,775
TX_AUS,778
TX_AUS,779
TX_AUS,781
TX_AUS,782
TX_DAL,750
TX_DAL,751
TX_DAL,752
TX_DAL,753
TX_DAL,754
TX_DAL,757
TX_DAL,758
TX_DAL,755
TX_DAL,756
TX_DAL,759
TX_DAL,760
TX_DAL,761
TX_DAL,762
TX_DAL,766
TX_DAL,767
TX_ELP,798
TX_ELP,799
TX_ELP,880
TX_ELP,885
TX_ELP,793
TX_ELP,794
TX_ELP,797
TX_ELP,879
TX_ELP,881
TX_ELP,882
TX_ELP,883
TX_FTW,760
TX_FTW,761
TX_FTW,762
TX_FTW,763
TX_FTW,764
TX_FTW,766
TX_FTW,767
TX_FTW,734
TX_FTW,750
TX_FTW,751
TX_FTW,752
TX_FTW,753
TX_FTW,765
TX_FTW,768
TX_HOU,770
TX_HOU,772
TX_HOU,773
TX_HOU,774
TX_HOU,775
TX_HOU,776
TX_HOU,777
TX_HOU,778
TX_HOU,779
TX_HOU,781
TX_HOU,786
TX_HOU,787
TX_HOU,789
TX_LAR,780
TX_LAR,788
TX_LAR,779
TX_LAR,781
TX_LAR,782
TX_LAR,783
TX_LAR,784
TX_LAR,785
TX_LUB,769
TX_LUB,792
TX_LUB,793
TX_LUB,794
TX_LUB,795
TX_LUB,796
TX_LUB,797
TX_LUB,881
TX_LUB,882
TX_LUB,763
TX_LUB,790
TX_LUB,791
TX_LUB,798
TX_LUB,883
TX_ANT,779
TX_ANT,781
TX_ANT,782
TX_ANT,778
TX_ANT,780
TX_ANT,783
TX_ANT,784
TX_ANT,786
TX_ANT,787
TX_ANT,788
TX_ANT,789
TX_TEX,718
TX_TEX,755
TX_TEX,710
TX_TEX,711
TX_TEX,717
TX_TEX,719
TX_TEX,747
TX_TEX,753
TX_TEX,754
TX_TEX,756
TX_TEX,757
TX_TEX,758
TX_TEX,759
UT_SLC,840
UT_SLC,841
UT_SLC,842
UT_SLC,843
UT_SLC,844
UT_SLC,846
UT_SLC,847
UT_SLC,815
UT_SLC,816
UT_SLC,829
UT_SLC,845
VA_NOR,233
VA_NOR,234
VA_NOR,235
VA_NOR,236
VA_NOR,237
VA_NOR,279
VA_NOR,230
VA_NOR,231
VA_NOR,232
VA_NOR,238
VA_NOR,239
VA_NOR,278
VA_RCH,224
VA_RCH,225
VA_RCH,229
VA_RCH,230
VA_RCH,231
VA_RCH,232
VA_RCH,238
VA_RCH,227
VA_RCH,228
VA_RCH,233
VA_RCH,234
VA_RCH,235
VA_RCH,236
VA_RCH,237
VA_RCH,239
VA_RCH,244
VA_RCH,245
VA_ROA,239
VA_ROA,240
VA_ROA,241
VA_ROA,243
VA_ROA,244
VA_ROA,245
VA_ROA,270
VA_ROA,228
VA_ROA,229
VA_ROA,242
VA_ROA,246
VA_ROA,247
VA_ROA,248
VA_ROA,249
VA_WIN,215
VA_WIN,217
VA_WIN,226
VA_WIN,228
VA_WIN,254
VA_WIN,267
VA_WIN,268
VA_WIN,172
VA_WIN,201
VA_WIN,227
VA_WIN,262
VA_WIN,264
VA_WIN,265
WA_SEA,980
WA_SEA,981
WA_SEA,982
WA_SEA,983
WA_SEA,984
WA_SEA,985
WA_SEA,986
WA_SEA,988
WA_SEA,989
WA_SPO,835
WA_SPO,838
WA_SPO,988
WA_SPO,990
WA_SPO,991
WA_SPO,992
WA_SPO,994
WA_SPO,598
WA_SPO,599
WA_SPO,978
WA_SPO,989
WA_SPO,993
WI_EAU,540
WI_EAU,546
WI_EAU,547
WI_EAU,559
WI_EAU,544
WI_EAU,545
WI_EAU,548
WI_EAU,550
WI_EAU,551
WI_GRE,541
WI_GRE,542
WI_GRE,543
WI_GRE,544
WI_GRE,549
WI_GRE,498
WI_GRE,530
WI_GRE,539
WI_GRE,545
WI_MAD,535
WI_MAD,537
WI_MAD,539
WI_MAD,530
WI_MAD,531
WI_MAD,532
WI_MAD,534
WI_MAD,538
WI_MAD,549
WI_MAD,610
WI_MAD,611
WI_MIL,530
WI_MIL,531
WI_MIL,532
WI_MIL,534
WI_MIL,535
WI_MIL,537
WI_MIL,539
WI_MIL,600
WI_MIL,611
WV_CHA,246
WV_CHA,247
WV_CHA,248
WV_CHA,249
WV_CHA,250
WV_CHA,251
WV_CHA,252
WV_CHA,253
WV_CHA,256
WV_CHA,258
WV_CHA,259
WV_CHA,261
WV_CHA,262
WV_CHA,263
WV_CHA,264
WV_CHA,266
WV_CHA,415
WV_CHA,416
WV_CHA,457
WV_CHA,254
WV_CHA,255
WV_CHA,257
WV_CHA,411
WV_CHA,412
WV_CHA,413
WV_CHA,414
WV_CHA,456
WV_HUN,255
WV_HUN,257
WV_HUN,411
WV_HUN,412
WV_HUN,456
WV_HUN,246
WV_HUN,247
WV_HUN,248
WV_HUN,249
WV_HUN,250
WV_HUN,251
WV_HUN,252
WV_HUN,253
WV_HUN,256
WV_HUN,258
WV_HUN,259
WV_HUN,414
WV_HUN,416
WV_HUN,457
WY_GRE,823
WY_GRE,825
WY_GRE,829
WY_GRE,831
WY_GRE,816
WY_GRE,820
WY_GRE,840
WY_GRE,841
WY_GRE,842
WY_GRE,843
WY_GRE,844
NF_STJ,A0
NF_STJ,A1
NF_STJ,A2
NF_STJ,A5
NF_STJ,A8
NF_STJ,B0
NF_STJ,B1
NF_STJ,B2
NF_STJ,C0
NF_STJ,C1
NS_HAL,B0
NS_HAL,B1
NS_HAL,B2
NS_HAL,B3
NS_HAL,B4
NS_HAL,B5
NS_HAL,B6
NS_HAL,B9
NS_HAL,C0
NS_HAL,C1
NS_HAL,E1
NS_HAL,E4
NB_MON,E0
NB_MON,E1
NB_MON,E2
NB_MON,E3
NB_MON,E4
NB_MON,E5
NB_MON,E6
NB_MON,E7
NB_MON,E8
NB_MON,E9
NB_MON,C0
NB_MON,C1
NB_MON,B0
NB_MON,B1
NB_MON,B2
NB_MON,B3
NB_MON,B4
PQ_QUE,G0
PQ_QUE,G1
PQ_QUE,G2
PQ_QUE,G3
PQ_QUE,G4
PQ_QUE,G5
PQ_QUE,G6
PQ_QUE,G7
PQ_QUE,G8
PQ_QUE,G9
PQ_QUE,J0
PQ_QUE,J1
PQ_QUE,J2
PQ_MON,H0
PQ_MON,H1
PQ_MON,H2
PQ_MON,H3
PQ_MON,H4
PQ_MON,H5
PQ_MON,H7
PQ_MON,H8
PQ_MON,H9
PQ_MON,J0
PQ_MON,J1
PQ_MON,J2
PQ_MON,J3
PQ_MON,J4
PQ_MON,J5
PQ_MON,J6
PQ_MON,J7
PQ_MON,J8
PQ_MON,J9
PQ_MON,G0
PQ_MON,G6
PQ_MON,G9
ON_OTT,K0
ON_OTT,K1
ON_OTT,K2
ON_OTT,K4
ON_OTT,K6
ON_OTT,K7
ON_OTT,K8
ON_OTT,K9
ON_OTT,J7
ON_OTT,J8
ON_OTT,L1
ON_TOR,L0
ON_TOR,L1
ON_TOR,L2
ON_TOR,L3
ON_TOR,L4
ON_TOR,L5
ON_TOR,L6
ON_TOR,L7
ON_TOR,L8
ON_TOR,L9
ON_TOR,M0
ON_TOR,M1
ON_TOR,M2
ON_TOR,M3
ON_TOR,M4
ON_TOR,M5
ON_TOR,M6
ON_TOR,M7
ON_TOR,M8
ON_TOR,M9
ON_TOR,K0
ON_TOR,K8
ON_TOR,K9
ON_TOR,N0
ON_TOR,N1
ON_TOR,N2
ON_TOR,N3
ON_TOR,N4
ON_TOR,N5
ON_TOR,N6
ON_LON,N0
ON_LON,N1
ON_LON,N2
ON_LON,N3
ON_LON,N4
ON_LON,N5
ON_LON,N6
ON_LON,N7
ON_LON,N8
ON_LON,N9
ON_LON,L0
ON_LON,L2
ON_LON,L3
ON_LON,L7
ON_LON,L8
ON_LON,L9
ON_SUD,P0
ON_SUD,P1
ON_SUD,P2
ON_SUD,P3
ON_SUD,P4
ON_SUD,P5
ON_SUD,P6
ON_SUD,P7
ON_SUD,P8
ON_SUD,P9
ON_SUD,J0
ON_SUD,J9
ON_SUD,K0
MB_WIN,R0
MB_WIN,R1
MB_WIN,R2
MB_WIN,R3
MB_WIN,R4
MB_WIN,R5
MB_WIN,R6
MB_WIN,R7
MB_WIN,R8
MB_WIN,R9
MB_WIN,P8
MB_WIN,P9
MB_WIN,S3
MB_WIN,S4
SK_REG,S0
SK_REG,S2
SK_REG,S3
SK_REG,S4
SK_REG,S6
SK_REG,S7
SK_REG,S9
SK_REG,R7
SK_REG,T1
SK_REG,T2
SK_REG,T3
SK_REG,T4
SK_REG,T5
SK_REG,T6
SK_REG,T7
SK_REG,T8
SK_REG,T9
AB_CAL,T0
AB_CAL,T1
AB_CAL,T2
AB_CAL,T3
AB_CAL,T4
AB_CAL,T5
AB_CAL,T6
AB_CAL,T7
AB_CAL,T8
AB_CAL,T9
AB_CAL,S2
AB_CAL,S3
AB_CAL,S4
AB_CAL,S6
AB_CAL,S7
AB_CAL,S9
BC_VAN,V0
BC_VAN,V1
BC_VAN,V2
BC_VAN,V3
BC_VAN,V4
BC_VAN,V5
BC_VAN,V6
BC_VAN,V7
BC_VAN,V8
BC_VAN,V9
BC_PRI,V0
BC_PRI,V1
BC_PRI,V2
BC_PRI,V3
BC_PRI,V4
BC_PRI,V5
BC_PRI,V6
BC_PRI,V7
BC_PRI,V8
BC_PRI,V9
