prefix,country,market_id
350,US,AL_BIR
351,US,AL_BIR
352,US,AL_BIR
354,US,AL_BIR
362,US,AL_BIR
355,US,AL_DEC
356,US,AL_DEC
357,US,AL_DEC
358,US,AL_DEC
384,US,AL_DEC
388,US,AL_DEC
325,US,AL_MOB
364,US,AL_MOB
365,US,AL_MOB
366,US,AL_MOB
394,US,AL_MOB
395,US,AL_MOB
318,US,AL_MON
319,US,AL_MON
360,US,AL_MON
361,US,AL_MON
363,US,AL_MON
367,US,AL_MON
368,US,AL_MON
369,US,AL_MON
726,US,AR_FAY
727,US,AR_FAY
729,US,AR_FAY
749,US,AR_FAY
716,US,AR_LIT
717,US,AR_LIT
719,US,AR_LIT
720,US,AR_LIT
721,US,AR_LIT
722,US,AR_LIT
725,US,AR_LIT
728,US,AR_LIT
855,US,AZ_FLA
859,US,AZ_FLA
860,US,AZ_FLA
863,US,AZ_FLA
864,US,AZ_FLA
865,US,AZ_FLA
850,US,AZ_PHO
851,US,AZ_PHO
852,US,AZ_PHO
853,US,AZ_PHO
856,US,AZ_TUC
857,US,AZ_TUC
931,US,CA_FRS
932,US,CA_FRS
933,US,CA_FRS
934,US,CA_FRS
935,US,CA_FRS
936,US,CA_FRS
937,US,CA_FRS
938,US,CA_FRS
900,US,CA_LAX
901,US,CA_LAX
902,US,CA_LAX
903,US,CA_LAX
904,US,CA_LAX
905,US,CA_LAX
906,US,CA_LAX
907,US,CA_LAX
908,US,CA_LAX
910,US,CA_LAX
911,US,CA_LAX
912,US,CA_LAX
913,US,CA_LAX
914,US,CA_LAX
915,US,CA_LAX
916,US,CA_LAX
918,US,CA_LAX
926,US,CA_LAX
927,US,CA_LAX
928,US,CA_LAX
930,US,CA_LAX
917,US,CA_ONT
922,US,CA_ONT
923,US,CA_ONT
924,US,CA_ONT
925,US,CA_ONT
919,US,CA_SDI
920,US,CA_SDI
921,US,CA_SDI
939,US,CA_SFR
940,US,CA_SFR
941,US,CA_SFR
945,US,CA_SFR
946,US,CA_SFR
947,US,CA_SFR
948,US,CA_SFR
949,US,CA_SFR
950,US,CA_SFR
951,US,CA_SFR
954,US,CA_SFR
942,US,CA_STK
943,US,CA_STK
944,US,CA_STK
952,US,CA_STK
953,US,CA_STK
956,US,CA_STK
957,US,CA_STK
958,US,CA_STK
959,US,CA_STK
800,US,CO_DEN
801,US,CO_DEN
802,US,CO_DEN
803,US,CO_DEN
804,US,CO_DEN
805,US,CO_DEN
806,US,CO_DEN
808,US,CO_DEN
809,US,CO_DEN
810,US,CO_DEN
820,US,CO_DEN
812,US,CO_GRA
813,US,CO_GRA
814,US,CO_GRA
815,US,CO_GRA
816,US,CO_GRA
845,US,CO_GRA
060,US,CT_HAR
061,US,CT_HAR
062,US,CT_HAR
063,US,CT_HAR
064,US,CT_HAR
065,US,CT_HAR
066,US,CT_HAR
067,US,CT_HAR
068,US,CT_HAR
069,US,CT_HAR
105,US,CT_HAR
106,US,CT_HAR
107,US,CT_HAR
108,US,CT_HAR
109,US,CT_HAR
200,US,VA_ALE
201,US,VA_ALE
202,US,VA_ALE
203,US,VA_ALE
204,US,VA_ALE
205,US,VA_ALE
206,US,VA_ALE
220,US,VA_ALE
221,US,VA_ALE
222,US,VA_ALE
223,US,VA_ALE
227,US,VA_ALE
569,US,VA_ALE
270,US,NC_GRE
271,US,NC_GRE
272,US,NC_GRE
273,US,NC_GRE
274,US,NC_GRE
320,US,FL_JAX
321,US,FL_JAX
322,US,FL_JAX
326,US,FL_JAX
327,US,FL_LAK
328,US,FL_LAK
329,US,FL_LAK
335,US,FL_LAK
336,US,FL_LAK
337,US,FL_LAK
338,US,FL_LAK
342,US,FL_LAK
344,US,FL_LAK
346,US,FL_LAK
347,US,FL_LAK
330,US,FL_MIA
331,US,FL_MIA
332,US,FL_MIA
333,US,FL_MIA
334,US,FL_MIA
339,US,FL_MIA
341,US,FL_MIA
349,US,FL_MIA
323,US,FL_TAL
324,US,FL_TAL
300,US,GA_ATL
301,US,GA_ATL
302,US,GA_ATL
303,US,GA_ATL
305,US,GA_ATL
306,US,GA_ATL
311,US,GA_ATL
399,US,GA_ATL
310,US,GA_MAC
312,US,GA_MAC
299,US,GA_SAV
304,US,GA_SAV
313,US,GA_SAV
314,US,GA_SAV
315,US,GA_SAV
316,US,GA_TIF
317,US,GA_TIF
398,US,GA_TIF
522,US,IA_CED
523,US,IA_CED
524,US,IA_CED
500,US,IA_DES
501,US,IA_DES
502,US,IA_DES
503,US,IA_DES
504,US,IA_DES
505,US,IA_DES
508,US,IA_DES
509,US,IA_DES
514,US,IA_DES
506,US,IA_DUB
507,US,IA_DUB
520,US,IA_DUB
521,US,IA_DUB
538,US,IA_DUB
832,US,ID_TWI
833,US,ID_TWI
834,US,ID_TWI
836,US,ID_TWI
837,US,ID_TWI
979,US,ID_TWI
609,US,IL_BLO
615,US,IL_BLO
616,US,IL_BLO
617,US,IL_BLO
618,US,IL_BLO
600,US,IL_CHI
601,US,IL_CHI
602,US,IL_CHI
603,US,IL_CHI
606,US,IL_CHI
607,US,IL_CHI
608,US,IL_CHI
604,US,IL_JOL
605,US,IL_JOL
623,US,IL_QUI
634,US,IL_QUI
635,US,IL_QUI
610,US,IL_RFD
611,US,IL_RFD
525,US,IL_ROC
526,US,IL_ROC
527,US,IL_ROC
528,US,IL_ROC
612,US,IL_ROC
613,US,IL_ROC
614,US,IL_ROC
625,US,IL_TAY
626,US,IL_TAY
627,US,IL_TAY
423,US,IN_EVA
424,US,IN_EVA
475,US,IN_EVA
476,US,IN_EVA
477,US,IN_EVA
628,US,IN_EVA
467,US,IN_FTW
468,US,IN_FTW
469,US,IN_FTW
463,US,IN_GRY
464,US,IN_GRY
460,US,IN_IND
461,US,IN_IND
462,US,IN_IND
472,US,IN_IND
473,US,IN_IND
474,US,IN_IND
479,US,IN_IND
465,US,IN_SBD
466,US,IN_SBD
491,US,IN_SBD
478,US,IN_TER
619,US,IN_TER
624,US,IN_TER
668,US,KS_HUT
669,US,KS_HUT
670,US,KS_HUT
671,US,KS_HUT
672,US,KS_HUT
673,US,KS_HUT
674,US,KS_HUT
675,US,KS_HUT
676,US,KS_HUT
677,US,KS_HUT
678,US,KS_HUT
679,US,KS_HUT
421,US,KY_BOW
422,US,KY_BOW
427,US,KY_BOW
403,US,KY_LEX
404,US,KY_LEX
405,US,KY_LEX
406,US,KY_LEX
410,US,KY_LEX
413,US,KY_LEX
414,US,KY_LEX
417,US,KY_LEX
418,US,KY_LEX
419,US,KY_LEX
400,US,KY_LOU
401,US,KY_LOU
402,US,KY_LOU
471,US,KY_LOU
700,US,LA_NEW
701,US,LA_NEW
703,US,LA_NEW
704,US,LA_NEW
705,US,LA_NEW
706,US,LA_NEW
707,US,LA_NEW
708,US,LA_NEW
710,US,LA_SHR
711,US,LA_SHR
712,US,LA_SHR
713,US,LA_SHR
714,US,LA_SHR
756,US,LA_SHR
759,US,LA_SHR
014,US,MA_BOS
015,US,MA_BOS
016,US,MA_BOS
017,US,MA_BOS
018,US,MA_BOS
019,US,MA_BOS
020,US,MA_BOS
021,US,MA_BOS
022,US,MA_BOS
023,US,MA_BOS
024,US,MA_BOS
025,US,MA_BOS
026,US,MA_BOS
027,US,MA_BOS
028,US,MA_BOS
029,US,MA_BOS
055,US,MA_BOS
010,US,MA_SPR
011,US,MA_SPR
012,US,MA_SPR
013,US,MA_SPR
197,US,MD_BAL
198,US,MD_BAL
199,US,MD_BAL
207,US,MD_BAL
208,US,MD_BAL
209,US,MD_BAL
210,US,MD_BAL
211,US,MD_BAL
212,US,MD_BAL
214,US,MD_BAL
216,US,MD_BAL
218,US,MD_BAL
219,US,MD_BAL
038,US,ME_AUG
039,US,ME_AUG
040,US,ME_AUG
041,US,ME_AUG
042,US,ME_AUG
043,US,ME_AUG
044,US,ME_AUG
045,US,ME_AUG
046,US,ME_AUG
047,US,ME_AUG
048,US,ME_AUG
049,US,ME_AUG
480,US,MI_DET
481,US,MI_DET
482,US,MI_DET
483,US,MI_DET
484,US,MI_DET
485,US,MI_DET
492,US,MI_DET
488,US,MI_RAP
489,US,MI_RAP
490,US,MI_RAP
493,US,MI_RAP
494,US,MI_RAP
495,US,MI_RAP
496,US,MI_RAP
486,US,MI_SAG
487,US,MI_SAG
497,US,MI_SAG
498,US,MN_DUL
499,US,MN_DUL
545,US,MN_DUL
548,US,MN_DUL
556,US,MN_DUL
557,US,MN_DUL
558,US,MN_DUL
550,US,MN_MIN
551,US,MN_MIN
553,US,MN_MIN
554,US,MN_MIN
555,US,MN_MIN
560,US,MN_MIN
563,US,MN_STC
564,US,MN_STC
420,US,MO_GIR
629,US,MO_GIR
636,US,MO_GIR
637,US,MO_GIR
638,US,MO_GIR
639,US,MO_GIR
650,US,MO_JEF
651,US,MO_JEF
652,US,MO_JEF
653,US,MO_JEF
647,US,MO_JOP
648,US,MO_JOP
654,US,MO_JOP
655,US,MO_JOP
656,US,MO_JOP
657,US,MO_JOP
658,US,MO_JOP
667,US,MO_JOP
640,US,MO_KAN
641,US,MO_KAN
644,US,MO_KAN
645,US,MO_KAN
646,US,MO_KAN
649,US,MO_KAN
660,US,MO_KAN
661,US,MO_KAN
662,US,MO_KAN
664,US,MO_KAN
665,US,MO_KAN
666,US,MO_KAN
620,US,MO_STL
622,US,MO_STL
630,US,MO_STL
631,US,MO_STL
633,US,MO_STL
387,US,MS_JAC
389,US,MS_JAC
390,US,MS_JAC
391,US,MS_JAC
392,US,MS_JAC
393,US,MS_JAC
396,US,MS_JAC
397,US,MS_JAC
590,US,MT_BIL
592,US,MT_BIL
591,US,MT_BIL
593,US,MT_BIL
821,US,MT_BIL
824,US,MT_BIL
828,US,MT_BIL
830,US,MT_BIL
594,US,MT_MIS
595,US,MT_MIS
596,US,MT_MIS
597,US,MT_MIS
598,US,MT_MIS
599,US,MT_MIS
280,US,NC_CHA
281,US,NC_CHA
282,US,NC_CHA
283,US,NC_CHA
286,US,NC_CHA
297,US,NC_CHA
275,US,NC_RAL
276,US,NC_RAL
277,US,NC_RAL
278,US,NC_RAL
284,US,NC_WIL
285,US,NC_WIL
565,US,ND_FAR
566,US,ND_FAR
567,US,ND_FAR
580,US,ND_FAR
581,US,ND_FAR
582,US,ND_FAR
583,US,ND_BIS
584,US,ND_BIS
585,US,ND_BIS
586,US,ND_BIS
587,US,ND_BIS
588,US,ND_BIS
690,US,NE_NPL
691,US,NE_NPL
692,US,NE_NPL
693,US,NE_NPL
807,US,NE_NPL
822,US,NE_NPL
515,US,NE_OMA
516,US,NE_OMA
680,US,NE_OMA
681,US,NE_OMA
683,US,NE_OMA
684,US,NE_OMA
685,US,NE_OMA
686,US,NE_OMA
687,US,NE_OMA
688,US,NE_OMA
689,US,NE_OMA
030,US,NH_BRI
031,US,NH_BRI
032,US,NH_BRI
033,US,NH_BRI
034,US,NH_BRI
035,US,NH_BRI
036,US,NH_BRI
037,US,NH_BRI
050,US,NH_BRI
051,US,NH_BRI
056,US,NH_BRI
057,US,NH_BRI
058,US,NH_BRI
059,US,NH_BRI
070,US,NJ_ELI
071,US,NJ_ELI
072,US,NJ_ELI
073,US,NJ_ELI
074,US,NJ_ELI
075,US,NJ_ELI
076,US,NJ_ELI
077,US,NJ_ELI
078,US,NJ_ELI
079,US,NJ_ELI
085,US,NJ_ELI
086,US,NJ_ELI
087,US,NJ_ELI
088,US,NJ_ELI
089,US,NJ_ELI
811,US,NM_ALB
870,US,NM_ALB
871,US,NM_ALB
872,US,NM_ALB
873,US,NM_ALB
874,US,NM_ALB
875,US,NM_ALB
877,US,NM_ALB
878,US,NM_ALB
879,US,NM_ALB
883,US,NM_ALB
884,US,NM_ALB
889,US,NV_VEG
890,US,NV_VEG
891,US,NV_VEG
893,US,NV_VEG
894,US,NV_REN
895,US,NV_REN
897,US,NV_REN
898,US,NV_REN
961,US,NV_REN
052,US,NY_ALB
053,US,NY_ALB
054,US,NY_ALB
120,US,NY_ALB
121,US,NY_ALB
122,US,NY_ALB
123,US,NY_ALB
124,US,NY_ALB
125,US,NY_ALB
126,US,NY_ALB
127,US,NY_ALB
128,US,NY_ALB
129,US,NY_ALB
005,US,NY_BRN
100,US,NY_BRN
101,US,NY_BRN
102,US,NY_BRN
103,US,NY_BRN
104,US,NY_BRN
110,US,NY_BRN
111,US,NY_BRN
112,US,NY_BRN
113,US,NY_BRN
114,US,NY_BRN
115,US,NY_BRN
116,US,NY_BRN
117,US,NY_BRN
118,US,NY_BRN
119,US,NY_BRN
140,US,NY_BUF
141,US,NY_BUF
142,US,NY_BUF
143,US,NY_BUF
147,US,NY_BUF
137,US,NY_ELM
138,US,NY_ELM
139,US,NY_ELM
148,US,NY_ELM
149,US,NY_ELM
169,US,NY_ELM
188,US,NY_ELM
144,US,NY_ROC
145,US,NY_ROC
146,US,NY_ROC
130,US,NY_SYR
131,US,NY_SYR
132,US,NY_SYR
133,US,NY_SYR
134,US,NY_SYR
135,US,NY_SYR
136,US,NY_SYR
450,US,OH_CIN
451,US,OH_CIN
452,US,OH_CIN
459,US,OH_CIN
470,US,OH_CIN
440,US,OH_CLE
441,US,OH_CLE
442,US,OH_CLE
443,US,OH_CLE
444,US,OH_CLE
445,US,OH_CLE
446,US,OH_CLE
447,US,OH_CLE
448,US,OH_CLE
449,US,OH_CLE
430,US,OH_COL
431,US,OH_COL
432,US,OH_COL
433,US,OH_COL
437,US,OH_COL
438,US,OH_COL
453,US,OH_COL
454,US,OH_COL
455,US,OH_COL
434,US,OH_TOL
435,US,OH_TOL
436,US,OH_TOL
458,US,OH_TOL
730,US,OK_OKC
731,US,OK_OKC
734,US,OK_OKC
735,US,OK_OKC
736,US,OK_OKC
737,US,OK_OKC
738,US,OK_OKC
745,US,OK_OKC
747,US,OK_OKC
748,US,OK_OKC
740,US,OK_TUL
741,US,OK_TUL
743,US,OK_TUL
744,US,OK_TUL
746,US,OK_TUL
955,US,OR_MED
960,US,OR_MED
974,US,OR_MED
975,US,OR_MED
976,US,OR_MED
977,US,OR_MED
978,US,OR_PEN
989,US,OR_PEN
993,US,OR_PEN
970,US,OR_POR
971,US,OR_POR
972,US,OR_POR
973,US,OR_POR
986,US,OR_POR
180,US,PA_ALL
181,US,PA_ALL
182,US,PA_ALL
183,US,PA_ALL
184,US,PA_ALL
185,US,PA_ALL
186,US,PA_ALL
187,US,PA_ALL
189,US,PA_ALL
163,US,PA_ERI
164,US,PA_ERI
165,US,PA_ERI
167,US,PA_ERI
166,US,PA_HAR
168,US,PA_HAR
170,US,PA_HAR
171,US,PA_HAR
172,US,PA_HAR
173,US,PA_HAR
174,US,PA_HAR
175,US,PA_HAR
176,US,PA_HAR
177,US,PA_HAR
178,US,PA_HAR
179,US,PA_HAR
080,US,PA_PHI
081,US,PA_PHI
082,US,PA_PHI
083,US,PA_PHI
084,US,PA_PHI
190,US,PA_PHI
191,US,PA_PHI
192,US,PA_PHI
193,US,PA_PHI
194,US,PA_PHI
195,US,PA_PHI
196,US,PA_PHI
150,US,PA_PIT
151,US,PA_PIT
152,US,PA_PIT
153,US,PA_PIT
154,US,PA_PIT
155,US,PA_PIT
156,US,PA_PIT
157,US,PA_PIT
158,US,PA_PIT
159,US,PA_PIT
160,US,PA_PIT
161,US,PA_PIT
162,US,PA_PIT
260,US,PA_PIT
265,US,PA_PIT
439,US,PA_PIT
294,US,SC_CHA
290,US,SC_COL
291,US,SC_COL
292,US,SC_COL
295,US,SC_COL
287,US,SC_GRE
288,US,SC_GRE
293,US,SC_GRE
296,US,SC_GRE
298,US,SC_GRE
308,US,SC_GRE
309,US,SC_GRE
575,US,SD_RAP
576,US,SD_RAP
577,US,SD_RAP
827,US,SD_RAP
826,US,SD_RAP
510,US,SD_SXF
511,US,SD_SXF
512,US,SD_SXF
513,US,SD_SXF
561,US,SD_SXF
562,US,SD_SXF
570,US,SD_SXF
571,US,SD_SXF
572,US,SD_SXF
573,US,SD_SXF
574,US,SD_SXF
289,US,TN_CHA
307,US,TN_CHA
359,US,TN_CHA
373,US,TN_CHA
374,US,TN_CHA
242,US,TN_KNO
376,US,TN_KNO
377,US,TN_KNO
378,US,TN_KNO
379,US,TN_KNO
407,US,TN_KNO
408,US,TN_KNO
409,US,TN_KNO
425,US,TN_KNO
426,US,TN_KNO
375,US,TN_MEM
380,US,TN_MEM
381,US,TN_MEM
382,US,TN_MEM
383,US,TN_MEM
386,US,TN_MEM
723,US,TN_MEM
724,US,TN_MEM
370,US,TN_NAS
371,US,TN_NAS
372,US,TN_NAS
385,US,TN_NAS
739,US,TX_AMA
790,US,TX_AMA
791,US,TX_AMA
733,US,TX_AUS
765,US,TX_AUS
768,US,TX_AUS
786,US,TX_AUS
787,US,TX_AUS
789,US,TX_AUS
750,US,TX_DAL
751,US,TX_DAL
752,US,TX_DAL
753,US,TX_DAL
754,US,TX_DAL
757,US,TX_DAL
758,US,TX_DAL
798,US,TX_ELP
799,US,TX_ELP
880,US,TX_ELP
885,US,TX_ELP
760,US,TX_FTW
761,US,TX_FTW
762,US,TX_FTW
763,US,TX_FTW
764,US,TX_FTW
766,US,TX_FTW
767,US,TX_FTW
770,US,TX_HOU
772,US,TX_HOU
773,US,TX_HOU
774,US,TX_HOU
775,US,TX_HOU
776,US,TX_HOU
777,US,TX_HOU
778,US,TX_HOU
780,US,TX_LAR
788,US,TX_LAR
769,US,TX_LUB
792,US,TX_LUB
793,US,TX_LUB
794,US,TX_LUB
795,US,TX_LUB
796,US,TX_LUB
797,US,TX_LUB
881,US,TX_LUB
882,US,TX_LUB
783,US,TX_MCA
784,US,TX_MCA
785,US,TX_MCA
779,US,TX_ANT
781,US,TX_ANT
782,US,TX_ANT
718,US,TX_TEX
755,US,TX_TEX
840,US,UT_SLC
841,US,UT_SLC
842,US,UT_SLC
843,US,UT_SLC
844,US,UT_SLC
846,US,UT_SLC
847,US,UT_SLC
233,US,VA_NOR
234,US,VA_NOR
235,US,VA_NOR
236,US,VA_NOR
237,US,VA_NOR
279,US,VA_NOR
224,US,VA_RCH
225,US,VA_RCH
229,US,VA_RCH
230,US,VA_RCH
231,US,VA_RCH
232,US,VA_RCH
238,US,VA_RCH
239,US,VA_ROA
240,US,VA_ROA
241,US,VA_ROA
243,US,VA_ROA
244,US,VA_ROA
245,US,VA_ROA
215,US,VA_WIN
217,US,VA_WIN
226,US,VA_WIN
228,US,VA_WIN
254,US,VA_WIN
267,US,VA_WIN
268,US,VA_WIN
980,US,WA_SEA
981,US,WA_SEA
982,US,WA_SEA
983,US,WA_SEA
984,US,WA_SEA
985,US,WA_SEA
835,US,WA_SPO
838,US,WA_SPO
988,US,WA_SPO
990,US,WA_SPO
991,US,WA_SPO
992,US,WA_SPO
994,US,WA_SPO
540,US,WI_EAU
546,US,WI_EAU
547,US,WI_EAU
559,US,WI_EAU
541,US,WI_GRE
542,US,WI_GRE
543,US,WI_GRE
544,US,WI_GRE
549,US,WI_GRE
535,US,WI_MAD
537,US,WI_MAD
539,US,WI_MAD
530,US,WI_MIL
531,US,WI_MIL
532,US,WI_MIL
534,US,WI_MIL
246,US,WV_CHA
247,US,WV_CHA
248,US,WV_CHA
249,US,WV_CHA
250,US,WV_CHA
251,US,WV_CHA
252,US,WV_CHA
253,US,WV_CHA
256,US,WV_CHA
258,US,WV_CHA
259,US,WV_CHA
261,US,WV_CHA
262,US,WV_CHA
263,US,WV_CHA
264,US,WV_CHA
266,US,WV_CHA
415,US,WV_CHA
416,US,WV_CHA
457,US,WV_CHA
255,US,WV_HUN
257,US,WV_HUN
411,US,WV_HUN
412,US,WV_HUN
456,US,WV_HUN
823,US,WY_GRE
825,US,WY_GRE
829,US,WY_GRE
831,US,WY_GRE
A0,CA,NF_STJ
A1,CA,NF_STJ
A2,CA,NF_STJ
A5,CA,NF_STJ
A8,CA,NF_STJ
B0,CA,NS_HAL
B1,CA,NS_HAL
B2,CA,NS_HAL
B3,CA,NS_HAL
B4,CA,NS_HAL
B5,CA,NS_HAL
B6,CA,NS_HAL
B9,CA,NS_HAL
E0,CA,NB_MON
E1,CA,NB_MON
E2,CA,NB_MON
E3,CA,NB_MON
E4,CA,NB_MON
E5,CA,NB_MON
E6,CA,NB_MON
E7,CA,NB_MON
E8,CA,NB_MON
E9,CA,NB_MON
C0,CA,NB_MON
C1,CA,NB_MON
G0,CA,PQ_QUE
G1,CA,PQ_QUE
G2,CA,PQ_QUE
G3,CA,PQ_QUE
G4,CA,PQ_QUE
G5,CA,PQ_QUE
G6,CA,PQ_QUE
G7,CA,PQ_QUE
G8,CA,PQ_QUE
G9,CA,PQ_QUE
H0,CA,PQ_MON
H1,CA,PQ_MON
H2,CA,PQ_MON
H3,CA,PQ_MON
H4,CA,PQ_MON
H5,CA,PQ_MON
H7,CA,PQ_MON
H8,CA,PQ_MON
H9,CA,PQ_MON
J0,CA,PQ_MON
J1,CA,PQ_MON
J2,CA,PQ_MON
J3,CA,PQ_MON
J4,CA,PQ_MON
J5,CA,PQ_MON
J6,CA,PQ_MON
J7,CA,PQ_MON
J8,CA,PQ_MON
J9,CA,PQ_MON
K0,CA,ON_OTT
K1,CA,ON_OTT
K2,CA,ON_OTT
K4,CA,ON_OTT
K6,CA,ON_OTT
K7,CA,ON_OTT
K8,CA,ON_OTT
K9,CA,ON_OTT
L0,CA,ON_TOR
L1,CA,ON_TOR
L2,CA,ON_TOR
L3,CA,ON_TOR
L4,CA,ON_TOR
L5,CA,ON_TOR
L6,CA,ON_TOR
L7,CA,ON_TOR
L8,CA,ON_TOR
L9,CA,ON_TOR
M0,CA,ON_TOR
M1,CA,ON_TOR
M2,CA,ON_TOR
M3,CA,ON_TOR
M4,CA,ON_TOR
M5,CA,ON_TOR
M6,CA,ON_TOR
M7,CA,ON_TOR
M8,CA,ON_TOR
M9,CA,ON_TOR
N0,CA,ON_LON
N1,CA,ON_LON
N2,CA,ON_LON
N3,CA,ON_LON
N4,CA,ON_LON
N5,CA,ON_LON
N6,CA,ON_LON
N7,CA,ON_LON
N8,CA,ON_LON
N9,CA,ON_LON
P0,CA,ON_SUD
P1,CA,ON_SUD
P2,CA,ON_SUD
P3,CA,ON_SUD
P4,CA,ON_SUD
P5,CA,ON_SUD
P6,CA,ON_SUD
P7,CA,ON_SUD
P8,CA,ON_SUD
P9,CA,ON_SUD
R0,CA,MB_WIN
R1,CA,MB_WIN
R2,CA,MB_WIN
R3,CA,MB_WIN
R4,CA,MB_WIN
R5,CA,MB_WIN
R6,CA,MB_WIN
R7,CA,MB_WIN
R8,CA,MB_WIN
R9,CA,MB_WIN
S0,CA,SK_REG
S2,CA,SK_REG
S3,CA,SK_REG
S4,CA,SK_REG
S6,CA,SK_REG
S7,CA,SK_REG
S9,CA,SK_REG
T0,CA,AB_CAL
T1,CA,AB_CAL
T2,CA,AB_CAL
T3,CA,AB_CAL
T4,CA,AB_CAL
T5,CA,AB_CAL
T6,CA,AB_CAL
T7,CA,AB_CAL
T8,CA,AB_CAL
T9,CA,AB_CAL
V0M,CA,BC_VAN
V0N,CA,BC_VAN
V0P,CA,BC_VAN
V0R,CA,BC_VAN
V0S,CA,BC_VAN
V0X,CA,BC_VAN
V1M,CA,BC_VAN
V2P,CA,BC_VAN
V2R,CA,BC_VAN
V2S,CA,BC_VAN
V2T,CA,BC_VAN
V2V,CA,BC_VAN
V2W,CA,BC_VAN
V2X,CA,BC_VAN
V2Y,CA,BC_VAN
V2Z,CA,BC_VAN
V3,CA,BC_VAN
V4A,CA,BC_VAN
V4B,CA,BC_VAN
V4C,CA,BC_VAN
V4E,CA,BC_VAN
V4G,CA,BC_VAN
V4K,CA,BC_VAN
V4L,CA,BC_VAN
V4M,CA,BC_VAN
V4N,CA,BC_VAN
V4P,CA,BC_VAN
V4R,CA,BC_VAN
V4S,CA,BC_VAN
V4W,CA,BC_VAN
V4X,CA,BC_VAN
V4Z,CA,BC_VAN
V5,CA,BC_VAN
V6,CA,BC_VAN
V7,CA,BC_VAN
V8A,CA,BC_VAN
V8B,CA,BC_VAN
V8C,CA,BC_VAN
V8K,CA,BC_VAN
V8L,CA,BC_VAN
V8M,CA,BC_VAN
V8N,CA,BC_VAN
V8P,CA,BC_VAN
V8R,CA,BC_VAN
V8S,CA,BC_VAN
V8T,CA,BC_VAN
V8V,CA,BC_VAN
V8W,CA,BC_VAN
V8X,CA,BC_VAN
V8Y,CA,BC_VAN
V8Z,CA,BC_VAN
V9,CA,BC_VAN
V0A,CA,BC_PRI
V0B,CA,BC_PRI
V0C,CA,BC_PRI
V0E,CA,BC_PRI
V0G,CA,BC_PRI
V0H,CA,BC_PRI
V0J,CA,BC_PRI
V0K,CA,BC_PRI
V0L,CA,BC_PRI
V0T,CA,BC_PRI
V0V,CA,BC_PRI
V0W,CA,BC_PRI
V1A,CA,BC_PRI
V1B,CA,BC_PRI
V1C,CA,BC_PRI
V1E,CA,BC_PRI
V1G,CA,BC_PRI
V1H,CA,BC_PRI
V1J,CA,BC_PRI
V1K,CA,BC_PRI
V1L,CA,BC_PRI
V1N,CA,BC_PRI
V1P,CA,BC_PRI
V1R,CA,BC_PRI
V1S,CA,BC_PRI
V1T,CA,BC_PRI
V1V,CA,BC_PRI
V1W,CA,BC_PRI
V1X,CA,BC_PRI
V1Y,CA,BC_PRI
V1Z,CA,BC_PRI
V2A,CA,BC_PRI
V2B,CA,BC_PRI
V2C,CA,BC_PRI
V2E,CA,BC_PRI
V2G,CA,BC_PRI
V2H,CA,BC_PRI
V2J,CA,BC_PRI
V2K,CA,BC_PRI
V2L,CA,BC_PRI
V2M,CA,BC_PRI
V2N,CA,BC_PRI
V4T,CA,BC_PRI
V4V,CA,BC_PRI
V8G,CA,BC_PRI
V8J,CA,BC_PRI
